"site_id","entity_id","latitude","longitude","elevation","geology","cover_thickness","distance_entrance","d18O_measurements","datings","min_corr_age","max_corr_age","period","mineralogy","mean_d18O"
1,1,30.7903,77.7764,3000,"limestone","30","32.4",737,37,12209.19,56235.5,44026.31,"calcite",-5.705
1,2,30.7903,77.7764,3000,"limestone","30","32.4",703,24,24957,43676,18719,"calcite",-5.72
1,3,30.7903,77.7764,3000,"limestone","30","32.4",462,18,43675,58309.79,14634.79,"calcite",-6.26
1,4,30.7903,77.7764,3000,"limestone","30","32.4",1614,31,58310,179204,120894,"calcite",-5.435
1,5,30.7903,77.7764,3000,"limestone","30","32.4",218,8,179279.92,191449,12169.08,"calcite",-5.178
1,6,30.7903,77.7764,3000,"limestone","30","32.4",107,4,227021,234000,6979,"calcite",-5.481
1,7,30.7903,77.7764,3000,"limestone","30","32.4",187,5,271150,283817,12667,"calcite",-4.88
1,8,30.7903,77.7764,3000,"limestone","30","32.4",346,3,199872,225988,26116,"calcite",-6.044
1,9,30.7903,77.7764,3000,"limestone","30","32.4",198,6,874,3477,2603,"calcite",-8.592
1,10,30.7903,77.7764,3000,"limestone","30","32.4",249,7,243063,265735,22672,"calcite",-5.412
2,11,42.87,81.75,2000,"unknown","NULL","NULL",134,7,3570,9890,6320,"calcite",-11.05
2,12,42.87,81.75,2000,"unknown","NULL","NULL",384,36,53270.21,235118.53,181848.32,"calcite",-9.069
2,13,42.87,81.75,2000,"unknown","NULL","NULL",450,22,257190.17,456456.18,199266.01,"calcite",-8.414
2,14,42.87,81.75,2000,"unknown","NULL","NULL",159,4,5,3520,3515,"calcite",-8.602
2,15,42.87,81.75,2000,"unknown","NULL","NULL",770,45,75374.61,298324.8,222950.19,"calcite",-9.796
2,16,42.87,81.75,2000,"unknown","NULL","NULL",51,7,8429,15009,6580,"calcite",-9.971
2,17,42.87,81.75,2000,"unknown","NULL","NULL",610,23,70872.64,230103.04,159230.4,"calcite",-9.886
2,19,42.87,81.75,2000,"unknown","NULL","NULL",46,4,852,1318,466,"calcite",-8.662
3,20,-4.0667,-55.45,60,"limestone","NULL","200",449,15,714.41,4811.51,4097.1,"calcite",-7.183
3,21,-4.0667,-55.45,60,"limestone","NULL","200",145,8,-48.05,768.47,816.52,"calcite",-5.699
3,22,-4.0667,-55.45,60,"limestone","NULL","500",111,12,40683,44635.83,3952.83,"calcite",-3.845
3,23,-4.0667,-55.45,60,"limestone","NULL","500",817,41,17956.63,45143.94,27187.31,"calcite",-3.727
3,24,-4.0667,-55.45,60,"limestone","NULL","500",100,3,26490.28,28443.66,1953.38,"calcite",-3.657
3,25,-4.0667,-55.45,60,"limestone","NULL","200",402,13,4439.78,10926.55,6486.77,"calcite",-7.225
3,26,-4.0667,-55.45,60,"limestone","NULL","200",168,15,9475.67,28285.94,18810.27,"calcite",-3.451
4,27,45.43,0.78,175,"limestone","NULL","NULL",102,9,-43,8657,8700,"calcite",-4.849
4,28,45.43,0.78,175,"limestone","30","NULL",299,26,31437.91,82854.5,51416.59,"calcite",-3.829
4,29,45.43,0.78,175,"limestone","40","200",85,12,5361,15875,10514,"calcite",-4.363
4,30,45.43,0.78,175,"limestone","30","NULL",143,13,28892.68,52156.42,23263.74,"calcite",-4.154
4,31,45.43,0.78,175,"limestone","30","NULL",191,24,31340.9,49663.24,18322.34,"calcite",-3.812
4,32,45.43,0.78,175,"limestone","25","150",611,6,1055,178002,176947,"calcite",-4.557
4,33,45.43,0.78,175,"limestone","8","150",336,9,-37.73,2332.94,2370.67,"calcite",-4.438
5,34,29.0333,107.1833,2140,"limestone","NULL","NULL",64,10,179643,190357.45,10714.45,"calcite",-7.589
5,35,29.0333,107.1833,2140,"limestone","NULL","NULL",195,11,133508.52,181866,48357.48,"calcite",-8.189
5,36,29.0333,107.1833,2140,"limestone","NULL","NULL",88,11,172620,206839,34219,"calcite",-8.287
5,38,29.0333,107.1833,2140,"limestone","NULL","NULL",253,19,95506.29,173088.74,77582.45,"calcite",-8.088
5,39,29.0333,107.1833,2140,"limestone","NULL","NULL",1105,54,37793,78874.29,41081.29,"calcite",-8.091
6,40,32.5,119.17,86,"unknown","NULL","35",268,16,18310,53001,34691,"calcite",-7.049
6,41,32.5,119.17,86,"unknown","NULL","35",285,20,35900,75646,39746,"calcite",-7.711
6,42,32.5,119.17,86,"unknown","NULL","35",149,12,10495,19338,8843,"calcite",-6.196
6,43,32.5,119.17,86,"unknown","NULL","35",338,3,14389,17234,2845,"calcite",-6.086
7,45,-24,29.1833,1420,"dolomite","22.5","100",70,12,465.82,4378.51,3912.69,"aragonite",-3.787
7,48,-24,29.1833,1420,"dolomite","22.5","100",1230,31,-48,24378.18,24426.18,"aragonite",-3.308
7,49,-24,29.1833,1420,"dolomite","22.5","100",820,7,-46,313.57,359.57,"aragonite",-4.054
8,50,54.2209,-2.5168,294,"limestone","50","250",370,16,3456.22,12717.56,9261.34,"calcite",-4.22
8,51,54.2209,-2.5168,294,"limestone","50","250",471,9,261.86,9735.67,9473.81,"calcite",-4.045
8,52,54.2209,-2.5168,294,"limestone","50","250",367,9,945.79,8462.88,7517.09,"calcite",-3.779
9,53,38.4,67.23,3226,"unknown","NULL","NULL",3798,27,7969.14,134058.92,126089.78,"calcite",-6.352
9,54,38.4,67.23,3226,"unknown","NULL","NULL",2471,46,-58.12,114822.06,114880.18,"calcite",-6.028
10,55,-21.083,-56.583,570,"dolomite","NULL","300",1885,40,5489.18,18596,13106.82,"aragonite",-4.741
10,56,-21.083,-56.583,570,"dolomite","NULL","300",855,14,15330.96,22305.48,6974.52,"aragonite",-5.916
10,57,-21.083,-56.583,570,"dolomite","NULL","300",583,23,21851.94,27906.48,6054.54,"aragonite",-5.802
11,58,33.95,35.65,100,"limestone","100","200",1600,63,1137,12288,11151,"calcite",-5.513
11,59,33.95,35.65,100,"limestone","100","200",120,7,13330,20367,7037,"calcite",-4.245
11,60,33.95,35.65,100,"limestone","100","200",110,6,372,847,475,"calcite",-5.516
12,61,25.2622,91.8817,1160,"mixed","NULL","1290",1455,11,3653,12395,8742,"calcite",-6.246
12,62,25.2622,91.8817,1160,"mixed","NULL","NULL",367,11,5532.59,33788.23,28255.64,"unknown",-3.623
12,63,25.2622,91.8817,1160,"mixed","30","NULL",1019,20,6510.08,15907.25,9397.17,"calcite",-5.606
13,64,-17.03,125,100,"limestone","NULL","300",131,17,9804,17443,7639,"calcite",-2.964
13,66,-17.03,125,100,"limestone","NULL","300",79,5,18496,24379,5883,"calcite",-2.966
14,67,39.01,-114.22,2080,"limestone","NULL","NULL",77,7,105617.01,128604,22986.99,"calcite",-13.192
14,68,39.01,-114.22,2080,"limestone","NULL","NULL",78,8,133340.2,174096.44,40756.24,"calcite",-12.065
14,69,39.01,-114.22,2080,"limestone","NULL","NULL",53,16,128888,133168,4280,"calcite",-11.784
15,70,47.2501,9.6667,780,"limestone","NULL","NULL",779,19,75492.44,80896.94,5404.5,"calcite",-8.302
15,71,47.2501,9.6667,780,"limestone","NULL","NULL",1263,23,80982.06,89489,8506.94,"calcite",-8.817
15,72,47.2501,9.6667,780,"limestone","NULL","NULL",451,20,88609.98,89723.31,1113.33,"calcite",-8.834
16,73,50.1164,5.1884,180,"limestone","NULL","NULL",135,10,4778,10949,6171,"calcite",-4.936
16,75,50.1164,5.1884,180,"limestone","40","1000",835,16,106499.65,125343.05,18843.4,"calcite",-5.931
17,76,33.5833,105.1167,1650,"unknown","NULL","600",187,13,-32,1190,1222,"calcite",-8.267
17,77,33.5833,105.1167,1650,"unknown","NULL","800",194,8,1073,1812,739,"calcite",-8.576
19,81,33.9069,35.6069,98,"limestone","50","25",205,13,83125,128847,45722,"calcite",-5.089
19,82,33.9069,35.6069,98,"limestone","50","25",810,14,154454.94,193497.98,39043.04,"calcite",-4.761
20,83,4.0848,114.8503,250,"limestone","NULL","NULL",297,13,37265,93724,56459,"calcite",-8.902
20,84,4.0848,114.8503,250,"limestone","NULL","NULL",394,23,31831,99719,67888,"calcite",-8.973
21,85,58.14,-4.93,220,"dolomite","10","20",288,1,-35,892,927,"calcite",-4.685
23,89,-14.37,-44.28,590,"limestone","NULL","700",336,12,6208.97,10194.58,3985.61,"calcite",-5.81
23,90,-14.37,-44.28,590,"limestone","NULL","700",423,12,1284.5,5859.5,4575,"calcite",-6.164
24,91,-16.1503,-44.6281,341,"limestone","NULL","NULL",302,12,14373.25,18167.69,3794.44,"calcite",-6.76
24,92,-16.1503,-44.6281,341,"limestone","NULL","NULL",127,4,17296,19303.95,2007.95,"calcite",-6.245
25,93,-5.92,-77.35,870,"limestone","80","600",184,6,22,851,829,"calcite",-7.08
25,94,-5.92,-77.35,870,"limestone","80","700",251,13,100,1537,1437,"calcite",-7.145
26,95,67,15,165,"marble","30","200",289,15,-47,7515.2,7562.2,"calcite",-6.732
26,96,67,15,165,"marble","20","NULL",149,6,5006,10327.64,5321.64,"calcite",-6.681
27,97,-16,-47,200,"dolomite","30","250",472,12,-32.23,1677.69,1709.92,"aragonite",-5.418
27,98,-16,-47,200,"dolomite","30","500",204,7,1484.56,3846.69,2362.13,"aragonite",-4.481
28,99,15.15,77.8167,420,"dolomite","NULL","1",263,8,13161,15607.49,2446.49,"aragonite",-1.615
28,100,15.15,77.8167,420,"dolomite","NULL","1",222,9,14697.86,15696.07,998.209999999999,"aragonite",-1.371
29,101,-32.16,138.83,475,"limestone","17","100",229,6,14887,17181,2294,"calcite",-6.417
29,102,-32.16,138.83,475,"limestone","17","37",649,12,15468,23135,7667,"calcite",-5.652
30,104,-25.21,25.68,1200,"dolomite","NULL","NULL",68,40,21458,50942.6,29484.6,"mixed",-5.389
31,105,46.1333,18.1167,209,"limestone","40","500",339,18,123303.22,143456.23,20153.01,"calcite",-9.31
31,106,46.1333,18.1167,209,"limestone","40","500",440,6,140274.18,160598.05,20323.87,"calcite",-10.531
32,107,-15.5784,46.7344,43,"limestone","NULL","NULL",287,9,183.08,9880.49,9697.41,"mixed",-4.874
34,109,18.192,-99.921,1030,"unknown","NULL","15",152,9,1220,10812,9592,"calcite",-8.754
35,110,-15.2002,-56.7839,420,"limestone","NULL","500",253,4,-21,154.85,175.85,"aragonite",-7.564
36,111,33.133,106.3,870,"dolomite","80","1000",305,9,-32.7,701.1,733.8,"aragonite",-7.161
38,113,-12.3819,-41.5733,680,"limestone","NULL","500",539,13,39,2765,2726,"aragonite",-3.846
39,114,25.2833,108.0833,680,"limestone","100","300",115,22,91200,163500,72300,"calcite",-6.491
39,115,25.2833,108.0833,680,"limestone","100","500",527,44,116,148400,148284,"calcite",-7.346
40,116,37.1,-7.77,100,"limestone","5","15",32,6,5329.36,6565.22,1235.86,"calcite",-4.604
41,117,36.9917,137.8,170,"limestone","NULL","700",965,10,-52.8,10006.42,10059.22,"calcite",-7.599
42,118,30.708,-9.3275,1250,"limestone","NULL","NULL",651,23,-3.1,1159.5,1162.6,"calcite",-5.427
44,120,37.6233,22.3539,700,"limestone","30","90",178,10,1115.34,2903.95,1788.61,"calcite",-5.175
45,121,39.68,115.65,610,"dolomite","120","40",235,26,10378,13971,3593,"calcite",-8.723
46,122,66.06,14.68,730,"limestone","15","400",46,4,7347.5,9565.1,2217.6,"calcite",-9.018
47,123,66.4381,14.1822,400,"marble","NULL","NULL",273,6,130,3920.52,3790.52,"calcite",-7.7
48,124,37.89,-115.58,2400,"limestone","NULL","100",1432,34,-60,103740,103800,"calcite",-11.873
49,125,38.07,-120.42,300,"mixed","10","20",618,10,10971.3,19390.9,8419.6,"calcite",-8.874
50,126,38.0717,-120.4655,520,"limestone","15","30",114,4,8702,15870,7168,"calcite",-8.551
51,127,29.69,-98.34,306,"limestone","NULL","NULL",258,13,18.1,6380.62,6362.52,"calcite",-4.208
52,128,-15.2055,-56.8,340,"limestone","NULL","800",1170,12,89.73,1458.32,1368.59,"calcite",-6.166
53,129,54.2143,-2.5123,320,"limestone","30","275",484,16,4205.58,9478.94,5273.36,"calcite",-4.713
54,130,30.6,77.8667,1190,"unknown","30","NULL",NA,13,NA,NA,NA,NA,NA
54,131,30.6,77.8667,1190,"unknown","30","NULL",NA,15,NA,NA,NA,NA,NA
55,134,46.75,7.81,1955,"limestone","215","NULL",2804,29,17137.17,29940.32,12803.15,"calcite",-12.137
55,135,46.75,7.81,1955,"limestone","215","NULL",1477,21,14639.45,23536.89,8897.44,"calcite",-11.806
56,136,40.6387,24.5144,41,"limestone","18","NULL",209,14,1481.4,5533.9,4052.5,"calcite",-5.633
57,137,66,14,280,"marble","NULL","NULL",169,8,-43,4141.22,4184.22,"calcite",-7.269
58,138,47.08,11.67,2310,"marble","NULL","NULL",1070,16,Inf,-Inf,-Inf,"calcite",-7.545
58,139,47.08,11.67,2310,"marble","NULL","NULL",740,11,Inf,-Inf,-Inf,"calcite",-8.4
58,140,47.08,11.67,2310,"marble","NULL","NULL",1060,16,Inf,-Inf,-Inf,"calcite",-8.011
58,141,47.08,11.67,2310,"marble","NULL","NULL",1530,9,Inf,-Inf,-Inf,"calcite",-8.222
59,143,32.43,107.17,700,"limestone","NULL","100",183,4,102810,119340,16530,"calcite",-9.021
60,144,-15.5333,167.0167,230,"unknown","30","100",1630,31,-53.5,392.8,446.3,"calcite",-5.731
61,145,29.8381,82.0336,1900,"unknown","NULL","50",362,22,11664.58,15215.09,3550.51,"calcite",-6.725
62,146,-12.3495,-41.6038,680,"limestone","NULL","800",92,10,-56.59,75.71,132.3,"aragonite",-2.89
63,147,20.73,-89.716,20,"unknown","NULL","NULL",709,12,-54,1462.92,1516.92,"calcite",-4.938
64,148,25.25,91.8667,1290,"unknown","NULL","1000",625,7,-56.65,551,607.65,"calcite",-5.858
65,149,4.15,114.86,250,"limestone","NULL","NULL",189,15,314972.5,475915,160942.5,"calcite",-8.059
66,150,54.1656,-2.4419,255,"limestone","50","800",160,11,7347.87,11190.74,3842.87,"calcite",-5.056
67,151,4.1,114.83,224,"limestone","NULL","NULL",410,26,228171.91,325304.62,97132.71,"calcite",-8.411
68,152,31.7833,35.15,700,"dolomite","10","NULL",309,21,-16,168714,168730,"calcite",-5.297
69,153,40.5,117.5,710,"dolomite","200","35",395,22,50137.06,56834.96,6697.9,"calcite",-9.527
58,154,47.08,11.67,2310,"marble","NULL","NULL",707,8,9636.5,10796.1,1159.6,"calcite",-7.837
70,155,26.23,-77.16,-45,"limestone","NULL","NULL",72,5,23699,28895,5196,"calcite",-2.855
70,156,26.23,-77.16,-45,"limestone","NULL","NULL",191,5,14308,15704,1396,"calcite",-2.468
70,157,26.23,-77.16,-45,"limestone","NULL","NULL",822,17,36122,63848,27726,"calcite",-3.446
70,158,26.23,-77.16,-45,"limestone","NULL","NULL",743,20,13766,32076,18310,"calcite",-1.793
71,159,48.4667,20.5,375,"limestone","150","1000",58,11,109193.85,129003.13,19809.28,"calcite",-7.075
71,160,48.4667,20.5,375,"limestone","150","1000",501,12,108757.75,128124.71,19366.96,"calcite",-7.082
72,161,45,22.6,1050,"limestone","100","220",150,10,-32,8169,8201,"calcite",-8.348
73,162,45.6678,0.5133,100,"limestone","10","20",361,15,121339,128151,6812,"calcite",-4.88
74,163,-33.3925,22.2147,687,"limestone","NULL","1100",179,23,41,47978,47937,"calcite",-5.282
75,164,29.8852,-98.6208,377,"limestone","20","24",399,27,9546,28490,18944,"calcite",-3.703
76,165,44.4,21.65,530,"limestone","140","160",100,5,-48,2425.6,2473.6,"calcite",-7.127
77,166,44.23,4.26,240,"limestone","NULL","NULL",211,9,11415,34183,22768,"calcite",-5.011
78,167,9.1741,-79.6164,60,"unknown","20","75",483,5,690,2179.5,1489.5,"calcite",-5.486
79,168,36.534,32.1056,232,"limestone","15","250",88,6,9738.09,13094.22,3356.13,"calcite",-5.929
79,169,36.534,32.1056,232,"limestone","15","250",442,28,12575.46,89714.22,77138.76,"calcite",-4.925
79,170,36.534,32.1056,232,"limestone","15","250",50,10,12020,14555.3,2535.3,"calcite",-5.482
80,171,29.2289,107.9036,480,"dolomite","300","1000",370,16,6001.4,16991,10989.6,"aragonite",-6.466
80,172,29.2289,107.9036,480,"dolomite","300","NULL",299,5,-55,1989,2044,"aragonite",-6.36
81,173,36.4333,4.5667,507,"limestone","NULL","NULL",224,9,4039.12,6190.75,2151.63,"calcite",-5.759
81,174,36.4333,4.5667,507,"limestone","NULL","NULL",201,7,3193.28,5793.4,2600.12,"calcite",-4.106
82,175,-41.95,171.47,100,"limestone","NULL","NULL",718,18,11261.14,73201.41,61940.27,"calcite",-2.887
83,176,36.03,9.68,975,"limestone","50","300",78,7,5316.16,23168,17851.84,"calcite",-6.196
84,177,47.7,18.84,420,"limestone","100","50",189,8,4738.82,10543.21,5804.39,"calcite",-8.34
85,178,16.883,-89.108,530,"limestone","NULL","8",660,16,-42.6,5245,5287.6,"calcite",-3.7
86,179,44.2568,15.5372,32,"limestone","22","150",111,6,-58,1636.9,1694.9,"calcite",-4.132
87,180,43.4,-4.53,24,"limestone","40","400",424,12,11640.32,29339.98,17699.66,"calcite",-3.192
88,181,45.77,14.2,529,"limestone","30","200",10,10,-46,8,54,"calcite",-6.187
90,183,46.11,18.15,275,"limestone","20","30",142,7,3027.91,4710.82,1682.91,"calcite",-7.3
91,184,46.5537,22.5695,482,"limestone","100","100",40,5,-50,7068.38,7118.38,"calcite",-7.73
92,185,40.4833,72.5833,1435,"limestone","40","35",447,7,-61,800.3,861.3,"calcite",-10.061
93,186,4.2333,114.925,569,"limestone","NULL","NULL",659,48,210870,565280,354410,"calcite",-8.177
94,187,-15.53,46.88,131,"mixed","100","1000",173,10,-64,1672.72,1736.72,"calcite",-5.747
94,188,-15.53,46.88,131,"mixed","100","1000",1069,17,-63.5,1567.3,1630.8,"mixed",-5.677
94,189,-15.53,46.88,131,"mixed","NULL","NULL",365,10,650,1580,930,"mixed",-5.295
94,190,-15.53,46.88,131,"mixed","NULL","NULL",655,20,140.64,9027.47,8886.83,"mixed",-5.487
95,191,27.8894,-82.5186,25,"limestone","NULL","15",1476,9,4626.8,6603.7,1976.9,"calcite",-3.616
97,195,40.2467,9.6228,0,"limestone","100","NULL",296,21,110207,112881,2674,"calcite",-3.844
98,196,52.25,-9.43,60,"limestone","20","250",145,14,-47,10132,10179,"calcite",-3.196
99,197,-19.4,17.8833,1400,"dolomite","NULL","100",315,27,18,4618,4600,"mixed",-9.478
100,199,47.0833,15.55,900,"limestone","NULL","NULL",690,10,7079.5,10324,3244.5,"calcite",-6.339
100,200,47.0833,15.55,900,"limestone","NULL","NULL",1323,11,7786.62,10027.08,2240.46,"calcite",-6.259
101,201,46.95,10.55,1140,"mixed","NULL","NULL",2814,16,-47,2943.04,2990.04,"calcite",-9.974
102,202,64.89,14.16,570,"mixed","14","200",413,4,-55,3791.88,3846.88,"calcite",-9.286
103,203,-12.3344,-41.6043,680,"limestone","NULL","NULL",124,6,-61,39.11,100.11,"aragonite",-3.199
105,206,47.4333,9.8667,1285,"limestone","NULL","400",2150,23,115340,134085,18745,"calcite",-9.115
105,207,47.4333,9.8667,1285,"limestone","NULL","NULL",754,20,111588.73,118314.57,6725.84000000001,"calcite",-9.06
106,208,42.46,0.04,794,"limestone","NULL","NULL",153,17,11616,12995,1379,"calcite",-8.474
107,209,16.2086,-89.0735,336,"limestone","14","50",4047,40,-55.51,1964.62,2020.13,"aragonite",-3.856
107,210,16.2086,-89.0735,336,"limestone","14","50",3542,1,-33.54,399.46,433,"aragonite",-4.581
108,211,43.71,3.55,110,"mixed","NULL","500",83,15,74460,187405,112945,"calcite",-4.737
108,212,43.71,3.55,110,"mixed","NULL","NULL",232,9,142.33,11178.79,11036.46,"calcite",-4.731
104,213,-8.53,120.43,550,"limestone","NULL","1200",174,16,25616,31505,5889,"calcite",-4.205
109,216,40.7925,-0.4492,1050,"limestone","20","200",169,12,4727,11334.76,6607.76,"calcite",-7.43
109,217,40.7925,-0.4492,1050,"limestone","20","300",142,5,3253,6812,3559,"calcite",-7.318
110,218,32.066,35.3952,250,"dolomite","20","NULL",394,22,16548,66948,50400,"calcite",-3.953
111,219,-5.5782,-37.6432,100,"limestone","NULL","NULL",448,17,4044.75,23890.4,19845.65,"calcite",-4.443
111,220,-5.5782,-37.6432,100,"limestone","NULL","NULL",509,11,4392.47,17222.46,12829.99,"calcite",-5.016
112,221,30.75,109.47,1250,"limestone","50","300",185,4,57617.18,69552.7,11935.52,"calcite",-7.788
112,222,30.75,109.47,1250,"limestone","NULL","NULL",800,19,-55.46,3944.47,3999.93,"calcite",-7.113
104,223,-8.53,120.43,550,"limestone","30","600",278,8,88156.9,90936.2,2779.3,"calcite",-5.95
104,224,-8.53,120.43,550,"limestone","30","600",396,9,84074.8,89210.8,5136,"calcite",-5.274
104,225,-8.53,120.43,550,"limestone","50","1000",217,24,79228.4,90488.9,11260.5,"calcite",-5.051
104,226,-8.53,120.43,550,"limestone","40","800",632,18,-54,1949,2003,"calcite",-6.219
114,229,8.6036,40.3729,1534,"limestone","30","200",209,8,4522.5,4968,445.5,"calcite",-3.2
115,230,47.3781,10.1506,1240,"limestone","NULL","850",531,17,40105,48664,8559,"calcite",-9.381
115,236,47.3781,10.1506,1240,"limestone","NULL","850",418,13,110844,131765,20921,"calcite",-8.74
116,237,4.03,114.8,150,"unknown","NULL","500",498,25,0,26161.85,26161.85,"calcite",-7.693
116,238,4.03,114.8,150,"unknown","NULL","NULL",862,36,-44.66,13548.1,13592.76,"calcite",-9.109
116,239,4.03,114.8,150,"unknown","NULL","NULL",477,22,15200,45593,30393,"calcite",-8.514
117,240,51.3675,7.6647,184,"limestone","15","NULL",1089,10,137,6644.9,6507.9,"calcite",-5.834
117,241,51.3675,7.6647,184,"limestone","30","NULL",470,4,7497.6,10723.5,3225.9,"calcite",-5.899
117,242,51.3675,7.6647,184,"limestone","30","NULL",1008,11,-57.3,8162.8,8220.1,"calcite",-5.66
117,243,51.3675,7.6647,184,"limestone","15","NULL",112,3,8749,10258.2,1509.2,"calcite",-5.843
118,245,4.1,114.8333,120,"limestone","NULL","NULL",96,6,108943,121443,12500,"calcite",-9.516
118,246,4.1,114.8333,120,"limestone","NULL","NULL",463,11,73756,161533,87777,"calcite",-8.502
118,247,4.1,114.8333,120,"limestone","NULL","NULL",132,7,139860,155970,16110,"calcite",-8.571
120,250,40.76,-0.59,1240,"mixed","10","40",266,22,2708.44,6071.82,3363.38,"calcite",-7.224
120,251,40.76,-0.59,1240,"mixed","10","48",236,22,218975.67,257426.49,38450.82,"calcite",-7.798
121,252,47.16,13.15,2119,"mixed","NULL","NULL",1340,20,113389.5,126889.04,13499.54,"calcite",-9.422
122,253,30.45,110.4167,294,"dolomite","400","150",1223,21,-52,9470,9522,"calcite",-8.787
123,255,46.6167,8.083,1840,"limestone","NULL","NULL",615,9,3248.65,6830,3581.35,"calcite",-8.038
123,256,46.6167,8.083,1840,"limestone","NULL","NULL",1084,14,1986.95,9025.84,7038.89,"calcite",-8.271
123,257,46.6167,8.083,1840,"limestone","NULL","NULL",1141,9,3889.71,7245.91,3356.2,"calcite",-8.5
58,261,47.08,11.67,2310,"marble","20","NULL",917,33,187290,242070,54780,"calcite",-10.863
126,262,30.6419,77.6521,1470,"limestone","NULL","12.1",125,5,1580,3907,2327,"calcite",-9.462
127,263,24.2,103.36,1500,"unknown","NULL","350",157,10,30140,41420,11280,"calcite",-10.932
127,264,24.2,103.36,1500,"unknown","NULL","350",155,8,57418,81951,24533,"calcite",-13.298
127,265,24.2,103.36,1500,"unknown","NULL","350",119,8,59670,71000,11330,"calcite",-10.561
127,266,24.2,103.36,1500,"unknown","NULL","350",419,23,73060,251960,178900,"calcite",-11.616
127,267,24.2,103.36,1500,"unknown","NULL","350",92,8,172340,189460,17120,"calcite",-11.7
127,268,24.2,103.36,1500,"unknown","NULL","350",681,16,5340,43630,38290,"calcite",-11.56
127,269,24.2,103.36,1500,"unknown","NULL","350",140,12,76610,106540,29930,"calcite",-12.288
127,270,24.2,103.36,1500,"unknown","NULL","350",135,6,167250,170730,3480,"calcite",-12.959
129,277,38.1665,13.1603,22,"limestone","4","250",1234,11,947.73,8373.72,7425.99,"calcite",-5.806
130,278,19,82,400,"unknown","NULL","220",1874,14,387.9,1325.25,937.35,"calcite",-4.056
131,279,45.9667,11.65,1167,"limestone","20","NULL",1220,8,2511.48,7969.05,5457.57,"calcite",-7.65
132,280,47.08,11.67,2165,"marble","NULL","NULL",1633,17,47396,55966,8570,"calcite",-12.868
132,281,47.08,11.67,2165,"marble","NULL","NULL",1591,17,47816,58266,10450,"calcite",-13.06
134,284,31.75,-110.75,1639,"unknown","NULL","NULL",1208,62,11484,53335,41851,"calcite",-9.913
136,286,17.4,-99.2,934,"limestone","160","800",1227,20,-60.05,2396.61,2456.66,"aragonite",-7.997
136,287,17.4,-99.2,934,"limestone","150","750",689,15,11552.81,22061.01,10508.2,"calcite",-7.031
136,288,17.4,-99.2,934,"limestone","150","750",265,4,6908.14,7243.66,335.52,"aragonite",-8.36
136,289,17.4,-99.2,934,"limestone","160","800",527,11,-7.47,1000.12,1007.59,"aragonite",-8.428
137,290,54.15,56.85,240,"limestone","125","NULL",682,18,1788,11674,9886,"calcite",-12.355
137,291,54.15,56.85,240,"limestone","125","NULL",254,11,-50,11704,11754,"calcite",-12.22
138,293,12.55,54.2,400,"limestone","NULL","1000",632,27,11086,27370,16284,"calcite",-1.385
139,294,42.0981,-123.4072,1300,"marble","60","NULL",2680,20,234.28,7991.74,7757.46,"calcite",-8.926
140,295,31.667,110.4333,1900,"limestone","150","1000",256,16,2089,11532,9443,"calcite",-10.135
140,296,31.667,110.4333,1900,"limestone","150","1000",259,5,403,5229.12,4826.12,"calcite",-9.462
140,297,31.667,110.4333,1900,"limestone","150","1000",150,7,2351,8475.98,6124.98,"calcite",-9.908
140,298,31.667,110.4333,1900,"limestone","150","1000",489,24,70.27,12862.57,12792.3,"calcite",-9.574
140,299,31.667,110.4333,1900,"limestone","150","1000",105,6,6860,13179,6319,"calcite",-9.526
140,300,31.667,110.4333,1900,"limestone","150","1000",158,7,10206,13185,2979,"calcite",-9.354
140,301,31.667,110.4333,1900,"limestone","NULL","1500",132,25,424300,462800,38500,"calcite",-8.596
140,302,31.667,110.4333,1900,"limestone","NULL","1500",2484,68,299200,624400,325200,"calcite",-8.313
140,303,31.667,110.4333,1900,"limestone","NULL","1500",585,84,503800,641300,137500,"calcite",-8.345
140,304,31.667,110.4333,1900,"limestone","NULL","1500",155,18,426300,464900,38600,"calcite",-8.733
141,305,41.4167,31.9333,440,"limestone","NULL","NULL",3977,98,-56,50274.5,50330.5,"calcite",-11.629
142,306,30.9167,90.0667,4800,"unknown","NULL","150",234,18,76398,125146,48748,"calcite",-21.247
142,307,30.9167,90.0667,4800,"unknown","NULL","150",100,4,123227,127215,3988,"calcite",-22.207
142,308,30.9167,90.0667,4800,"unknown","NULL","200",1005,10,4147.8,9045.3,4897.5,"calcite",-18.581
143,310,42.61,-7.09,1240,"unknown","5","50",109,19,340,9440,9100,"mixed",-4.921
144,311,-27.2247,-49.1569,180,"limestone","NULL","300",231,12,196,9211.33,9015.33,"calcite",-3.209
144,312,-27.2247,-49.1569,180,"limestone","NULL","NULL",689,20,-55,116103.3,116158.3,"calcite",-2.854
146,319,4.02,114.48,150,"limestone","NULL","250",439,24,-50,26380,26430,"calcite",-8.382
146,320,4.02,114.48,150,"limestone","NULL","250",299,26,-50,26370,26420,"calcite",-8.441
147,322,33.5067,-105.4433,1864,"unknown","NULL","NULL",1209,68,11310,55846,44536,"calcite",-8.427
39,324,25.2833,108.0833,680,"limestone","NULL","NULL",80,9,217201.46,225257.78,8056.32000000001,"calcite",-8.657
151,326,-42.3108,172.2178,130,"marble","NULL","NULL",187,3,-55.67,8869.21,8924.88,"calcite",-5.304
152,327,23.0833,57.35,800,"limestone","50","1000",832,12,6026,9607.13,3581.13,"calcite",-4.759
154,329,33.5667,109.1,1495,"limestone","NULL","NULL",828,23,-48,8614,8662,"calcite",-9.172
154,330,33.5667,109.1,1495,"limestone","NULL","NULL",217,15,-8,18958,18966,"calcite",-9.059
155,331,-15.3,128.62,100,"limestone","15","600",406,14,304,8806,8502,"calcite",-9.408
155,332,-15.3,128.62,100,"limestone","15","500",33,3,3115,3846,731,"aragonite",-8.123
155,333,-15.3,128.62,100,"limestone","15","600",97,5,7419,8175,756,"calcite",-9.247
155,334,-15.3,128.62,100,"limestone","15","500",223,3,2141,3140,999,"aragonite",-7.873
155,335,-15.3,128.62,100,"limestone","15","500",125,5,499,1390,891,"aragonite",-6.748
155,336,-15.3,128.62,100,"limestone","15","500",110,21,-58.5,193,251.5,"aragonite",-8.088
155,339,-15.3,128.62,100,"limestone","15","500",119,3,7914,8844,930,"aragonite",-8.535
155,340,-15.3,128.62,100,"limestone","15","500",124,6,318,865,547,"aragonite",-7.85
155,341,-15.3,128.62,100,"limestone","15","500",143,7,312,640,328,"aragonite",-7.654
155,342,-15.3,128.62,100,"limestone","15","500",74,9,3197,3676,479,"aragonite",-7.825
155,343,-15.3,128.62,100,"limestone","15","500",82,3,1720,2173,453,"aragonite",-7.589
155,345,-15.3,128.62,100,"limestone","15","500",43,3,2575,2907,332,"aragonite",-7.851
155,346,-15.3,128.62,100,"limestone","15","500",74,3,1428,1713,285,"aragonite",-7.128
156,347,36.736,21.7596,70,"limestone","40","30",356,24,1296.49,4687.4,3390.91,"calcite",-4.878
157,348,15.15,77.92,475,"unknown","NULL","NULL",333,14,-59.06,3852.2,3911.26,"mixed",-6.271
157,349,15.15,77.92,475,"unknown","NULL","NULL",90,9,-54.71,694.88,749.59,"mixed",-5.775
158,350,-41.23,172.68,390,"marble","NULL","NULL",201,9,114.84,30848.56,30733.72,"calcite",-5.237
159,351,17.1667,54.3,650,"unknown","NULL","NULL",1412,18,308,10558,10250,"calcite",-1.423
160,352,31.7558,35.0226,400,"dolomite","20","35",209,7,742.78,2085.88,1343.1,"calcite",-6.584
160,353,31.7558,35.0226,400,"dolomite","20","35",1223,11,4384,33748,29364,"calcite",-5.46
161,355,-45.2953,167.6979,260,"limestone","NULL","NULL",124,4,1700.82,7089.7,5388.88,"calcite",-6.467
162,356,-46.02,167.74,1025,"limestone","NULL","NULL",51,6,1690.08,9284.17,7594.09,"calcite",-6.602
163,357,-38.25,175.02,90,"unknown","NULL","NULL",66,5,130.77,10098.09,9967.32,"calcite",-3.9
163,358,-38.25,175.02,90,"unknown","NULL","NULL",142,6,-23.65,11772.68,11796.33,"calcite",-3.833
164,359,-38.2667,175.0167,325,"unknown","NULL","NULL",61,4,2952.14,6103.94,3151.8,"calcite",-4.256
165,360,-36.27,175.08,80,"unknown","NULL","NULL",33,4,7398.15,11089.11,3690.96,"calcite",-3.697
166,361,-38.82,177.52,100,"limestone","NULL","NULL",211,7,173.07,9278.72,9105.65,"calcite",-4.687
166,362,-38.82,177.52,100,"limestone","NULL","NULL",218,5,630.51,2794.42,2163.91,"calcite",-4.648
168,364,-42.1,171.4,95,"limestone","NULL","NULL",85,9,4928.41,13410.65,8482.24,"calcite",-3.116
169,365,-45.3735,167.0476,960,"marble","NULL","NULL",96,4,2929.59,11215.71,8286.12,"calcite",-4.542
104,367,-8.53,120.43,550,"limestone","40","800",169,31,20.32,23888.18,23867.86,"calcite",-5.879
104,368,-8.53,120.43,550,"limestone","40","900",64,6,9993.93,13689.17,3695.24,"calcite",-4.564
104,369,-8.53,120.43,550,"limestone","40","900",55,5,20541.6,27825.14,7283.54,"calcite",-4.877
104,370,-8.53,120.43,550,"limestone","40","900",125,10,10110.86,22015.18,11904.32,"mixed",-4.848
104,371,-8.53,120.43,550,"limestone","40","900",130,22,11840.75,23571.6,11730.85,"calcite",-5.096
172,377,-24.1,29.88,1450,"dolomite","100","375",196,9,39742,57872,18130,"mixed",-4.508
173,378,18,-67,350,"limestone","50","360",218,7,-53.84,742,795.84,"calcite",-2.51
174,379,26.0167,104.095,1217,"limestone","35","20",547,8,4619.63,10394.85,5775.22,"calcite",-13.104
133,381,44.08,10.21,300,"dolomite","42","100",759,13,1024.11,7277.24,6253.13,"calcite",-4.123
71,382,48.4667,20.5,375,"limestone","150","1000",122,2,-59.95,155.67,215.62,"calcite",-7.46
177,388,22.55,-83.84,170,"mixed","60","50",228,3,6849.67,9914.49,3064.82,"calcite",-2.132
178,389,25.4833,107.9,570,"unknown","NULL","NULL",1020,20,7322,16319,8997,"calcite",-7.951
179,390,45.1,22.8,433,"limestone","90","300",1833,11,-36.2,3792.93,3829.13,"calcite",-8.166
181,392,-9.489,159.974,200,"unknown","NULL","30",2140,41,-60.55,526.77,587.32,"calcite",-7.263
181,393,-9.489,159.974,200,"unknown","NULL","30",559,4,-25.54,69.96,95.5,"calcite",-7.145
182,394,19,82,32,"unknown","NULL","NULL",271,6,2145,3449,1304,"calcite",-4.072
183,395,22.38,-83.97,120,"mixed","130","1500",1153,24,61,12332.8,12271.8,"aragonite",-2.177
185,397,46.6847,7.7819,875,"limestone","NULL","NULL",1975,32,100839.44,110038.43,9198.98999999999,"calcite",-9.714
185,398,46.6847,7.7819,875,"limestone","NULL","NULL",1064,19,77469.53,107246.81,29777.28,"calcite",-8.806
186,399,-8.05,110.633,500,"limestone","100","500",377,11,348.57,3912.8,3564.23,"calcite",-7.025
187,400,46.13,11.03,1880,"limestone","50","NULL",72,5,121281.84,125124.22,3842.38,"calcite",-7.91
187,401,46.13,11.03,1880,"limestone","130","50",199,5,120287.12,127716.9,7429.78,"calcite",-7.946
187,402,46.13,11.03,1880,"limestone","50","NULL",164,5,123555.69,126412.13,2856.44,"calcite",-8.308
188,403,20.16,-87.57,-8.5,"limestone","NULL","NULL",117,6,8462,13651,5189,"calcite",-5.415
189,404,16.6769,-89.0925,550,"limestone","55","NULL",1573,11,4630.6,7159.1,2528.5,"calcite",-5.036
190,405,43.4678,-91.975,356,"dolomite","30","NULL",138,7,-40,7776,7816,"calcite",-5.745
190,406,43.4678,-91.975,356,"dolomite","30","NULL",73,7,1096,7475,6379,"calcite",-6.474
190,407,43.4678,-91.975,356,"dolomite","30","NULL",272,5,1977,8598,6621,"calcite",-6.142
191,408,38.15,-92.05,250,"limestone","30","1750",66,5,740,3649,2909,"calcite",-4.891
191,409,38.15,-92.05,250,"limestone","30","1750",49,4,1857,3598,1741,"calcite",-5.025
193,411,43.4008,12.9619,257,"limestone","600","300",547,26,96724,112958,16234,"calcite",-7.421
194,412,40.0333,-114.7833,2000,"unknown","NULL","NULL",93,10,90169,101899,11730,"calcite",-15.634
195,414,13.2,-59.6,300,"limestone","NULL","NULL",344,18,3094.26,8911.79,5817.53,"calcite",-3.369
152,415,23.0833,57.35,800,"limestone","NULL","NULL",388,16,7678,8566,888,"calcite",-4.548
196,416,40.5443,39.4029,1536,"limestone","NULL","80",309,19,5904.38,77267.49,71363.11,"calcite",-10.757
197,417,47.26,9.52,1964,"limestone","NULL","NULL",850,21,63718.69,72013.79,8295.09999999999,"calcite",-10.075
155,418,-15.3,128.62,100,"limestone","15","500",132,3,3556.33,3661.5,105.17,"aragonite",-8.438
155,419,-15.3,128.62,100,"limestone","15","500",101,5,1733,2052,319,"aragonite",-7.408
198,420,29.48,109.5333,455,"limestone","NULL","120",819,10,-56,6588,6644,"aragonite",-4.885
199,421,-41.58,146.25,300,"limestone","NULL","500",53,14,5081,8888,3807,"calcite",-3.852
200,422,42.0875,-111.519,2347,"limestone","160","NULL",697,18,7.29,11122.88,11115.59,"calcite",-15.45
202,425,46.16,11.99,1893,"mixed","1000","NULL",563,20,84033.24,105479.83,21446.59,"calcite",-7.302
202,426,46.16,11.99,1893,"mixed","640","NULL",256,14,106118,289234,183116,"calcite",-7.906
202,427,46.16,11.99,1893,"mixed","550","NULL",149,9,352739.89,374429.34,21689.45,"calcite",-8.107
203,428,44.7144,21.7469,390,"limestone","30","150",156,7,2360,74080,71720,"calcite",-8.259
141,429,41.4167,31.9333,440,"limestone","NULL","NULL",1306,13,86190,122930,36740,"calcite",-8.977
205,430,-13.81,-46.35,631,"unknown","30","300",1714,11,-60.37,826.54,886.91,"aragonite",-4.313
206,431,-13.81,-46.35,631,"unknown","30","300",576,4,749.43,1685.86,936.43,"aragonite",-4.193
207,432,-5.7,-77.9,1960,"limestone","NULL","NULL",1566,19,-34.47,10601.86,10636.33,"aragonite",-5.353
207,433,-5.7,-77.9,1960,"limestone","NULL","NULL",633,11,1276.39,10397.41,9121.02,"aragonite",-5.257
57,435,66,14,280,"marble","100","NULL",308,12,130.55,10420.63,10290.08,"calcite",-7.378
208,436,-0.36,100.76,600,"mixed","NULL","105",982,31,159,16571,16412,"mixed",-8.104
209,437,40.4,72.35,1490,"limestone","35","100",1808,24,24.14,4696.3,4672.16,"calcite",-10.794
210,438,37,-122.183,170,"marble","36","250",273,8,6925.64,8603.88,1678.24,"calcite",-2.963
211,439,25.25,110.92,380,"limestone","NULL","320",248,5,19670,49961.9,30291.9,"calcite",-4.202
204,440,16.5,-89,350,"limestone","100","250",595,9,-57,251.4,308.4,"aragonite",-3.38
175,441,28.8,109.83,420,"limestone","NULL","100",189,5,19100,30300,11200,"calcite",-5.9
39,442,25.2833,108.0833,680,"limestone","NULL","500",2110,49,-50,8880,8930,"calcite",-7.97
183,443,22.38,-83.97,120,"mixed","150","1500",672,10,-50,1203.04,1253.04,"calcite",-5.175
149,444,50.55,-127.07,660,"limestone","43","180",40,7,Inf,-Inf,-Inf,"calcite",-10.5
49,445,38.07,-120.42,300,"mixed","50","25",282,16,55158.79,66902.27,11743.48,"calcite",-9.291
10,447,-21.083,-56.583,570,"dolomite","10","150",238,22,-50.86,758.41,809.27,"aragonite",-4.83
10,448,-21.083,-56.583,570,"dolomite","10","150",319,14,498.4,1528,1029.6,"aragonite",-3.786
102,450,64.89,14.16,570,"mixed","13","200",73,4,5922.2,8896.09,2973.89,"calcite",-9.13
12,451,25.2622,91.8817,1160,"mixed","70","700",399,6,-62.46,-14.13,48.33,"aragonite",-4.836
141,456,41.4167,31.9333,440,"limestone","NULL","NULL",1113,32,-60,59510,59570,"calcite",-10.759
213,457,47.4333,24.5167,950,"limestone","190","625",741,16,20010.91,68312.52,48301.61,"mixed",-7.999
214,458,-22.1,113.9,100,"limestone","54","54",152,6,5676,10502,4826,"calcite",-8.27
214,459,-22.1,113.9,100,"limestone","54","54",160,12,15155,25640,10485,"calcite",-7.286
216,461,27.2,106.1667,1120,"unknown","NULL","NULL",334,19,304.85,5788.31,5483.46,"calcite",-8.374
216,462,27.2,106.1667,1120,"unknown","NULL","NULL",176,9,1839.21,6164.48,4325.27,"calcite",-8.579
217,463,29.5,115.5,53,"limestone","100","150",779,4,-59.7,139.5,199.2,"calcite",-7.502
135,464,33.95,-4.246,1260,"dolomite","NULL","50",204,24,-8.68,1039.16,1047.84,"aragonite",-5.396
218,465,41.3333,124.9167,500,"limestone","20","100",337,2,7724,8703,979,"calcite",-9.154
218,466,41.3333,124.9167,500,"limestone","20","100",350,3,7769,8651,882,"calcite",-10.717
219,467,28.71,117.26,383,"mixed","50","200",119,15,3570.43,5302.69,1732.26,"aragonite",-6.751
221,469,-19.7572,63.3703,32,"limestone","NULL","50",962,26,2999.47,6014.32,3014.85,"calcite",-3.58
222,470,-19.7583,63.3864,20,"limestone","NULL","200",190,7,3363.44,6114.44,2751,"calcite",-2.202
224,472,33,106.33,940,"dolomite","NULL","NULL",392,23,653,4912,4259,"aragonite",-6.683
224,473,33,106.33,940,"dolomite","NULL","NULL",218,19,1972.38,4200,2227.62,"aragonite",-6.81
224,474,33,106.33,940,"dolomite","NULL","NULL",371,15,2984,6651,3667,"aragonite",-7.877
12,476,25.2622,91.8817,1160,"mixed","NULL","700",970,18,3778.69,4440.41,661.72,"calcite",-5.916
12,477,25.2622,91.8817,1160,"mixed","NULL","700",237,5,3366.02,4534.95,1168.93,"calcite",-5.424
54,478,30.6,77.8667,1190,"unknown","NULL","NULL",1324,22,2521.55,5706.11,3184.56,"calcite",-9.361
54,479,30.6,77.8667,1190,"unknown","NULL","NULL",148,10,2079.5,2611.37,531.87,"calcite",-9.021
54,480,30.6,77.8667,1190,"unknown","NULL","NULL",212,11,2432.5,3572.79,1140.29,"calcite",-9.099
138,481,12.55,54.2,400,"limestone","20","100",889,11,40379,53484,13105,"calcite",-0.478
140,482,31.667,110.4333,1900,"limestone","NULL","1500",159,4,11125.81,19214.55,8088.74,"calcite",-7.975
140,484,31.667,110.4333,1900,"limestone","NULL","1500",1289,23,128669,224398,95729,"calcite",-8.937
140,485,31.667,110.4333,1900,"limestone","NULL","1500",376,18,56058,98585.64,42527.64,"calcite",-9.116
140,486,31.667,110.4333,1900,"limestone","NULL","1500",355,13,98970.6,130000,31029.4,"calcite",-9.722
140,487,31.667,110.4333,1900,"limestone","NULL","1500",248,9,155544.24,209262.75,53718.51,"calcite",-7.987
140,488,31.667,110.4333,1900,"limestone","NULL","1500",162,5,78039,96363,18324,"calcite",-9.866
140,489,31.667,110.4333,1900,"limestone","NULL","1500",453,6,127080,132598.72,5518.72,"calcite",-9.05
140,491,31.667,110.4333,1900,"limestone","NULL","1500",40,5,103093.51,109888.44,6794.93000000001,"calcite",-10.627
140,492,31.667,110.4333,1900,"limestone","NULL","1500",166,9,108061.24,139406.96,31345.72,"calcite",-8.299
140,493,31.667,110.4333,1900,"limestone","NULL","1500",114,13,134720,188040,53320,"calcite",-8.473
140,494,31.667,110.4333,1900,"limestone","NULL","1500",33,3,123045,126882.04,3837.03999999999,"calcite",-8.599
12,495,25.2622,91.8817,1160,"mixed","60","NULL",170,12,6604.41,22716.65,16112.24,"calcite",-5.278
198,496,29.48,109.5333,455,"limestone","100","NULL",754,42,51,12431,12380,"aragonite",-6.645
225,498,-18.1222,-65.7739,2660,"limestone","70","200",232,10,187.51,938.78,751.27,"calcite",-9.741
225,499,-18.1222,-65.7739,2660,"limestone","70","370",80,4,86.54,298.26,211.72,"calcite",-10.731
226,500,-5.73,-77.5,960,"unknown","NULL","NULL",1015,74,2404,174443,172039,"calcite",-6.954
226,501,-5.73,-77.5,960,"unknown","NULL","NULL",44,3,86820,101860,15040,"calcite",-7.1
226,502,-5.73,-77.5,960,"unknown","NULL","NULL",85,3,109770,118940,9170,"calcite",-8.187
226,503,-5.73,-77.5,960,"unknown","NULL","NULL",360,21,217421,246360,28939,"calcite",-7.027
226,504,-5.73,-77.5,960,"unknown","NULL","NULL",336,17,191660,237110,45450,"calcite",-7.651
227,505,56.162,-133.319,80,"limestone","700","NULL",460,21,11100,75125,64025,"calcite",-8.767
228,506,32.1,-104.26,1300,"unknown","30","NULL",147,10,-54,1408.47,1462.47,"calcite",-5.243
230,508,-12.6227,-41.0216,560,"limestone","NULL","NULL",735,20,39345.1,58824.65,19479.55,"calcite",-3.25
231,509,-11.24,-75.82,3800,"limestone","NULL","500",1011,17,16021,49470,33449,"calcite",-16.028
232,510,20.59,-87.13,20,"limestone","NULL","NULL",828,13,1552.1,26443,24890.9,"calcite",-4.406
233,511,33,-107.7,2007,"unknown","NULL","NULL",136,19,69326,86094,16768,"calcite",-7.538
234,512,-24.5308,-48.7267,250,"limestone","300","1500",178,11,-55,26405,26460,"calcite",-5.409
234,513,-24.5308,-48.7267,250,"limestone","300","1500",488,20,25844.54,130645,104800.46,"calcite",-4.982
235,514,-5.9406,-77.3081,1000,"unknown","NULL","NULL",288,10,24,4302,4278,"calcite",-7.194
235,515,-5.9406,-77.3081,1000,"unknown","NULL","NULL",302,10,3236,13394,10158,"calcite",-6.247
236,516,-10.1602,-40.8605,600,"dolomite","NULL","NULL",386,9,38379,40058.4,1679.4,"mixed",-5.419
236,517,-10.1602,-40.8605,600,"dolomite","NULL","NULL",190,8,39114.6,39668.3,553.700000000004,"mixed",-6.42
237,518,-18.12,-65.77,2830,"limestone","100","NULL",242,6,654.2,1329.69,675.49,"calcite",-9.643
239,520,42.433,84.733,2752,"unknown","NULL","NULL",250,15,2689.35,8361.75,5672.4,"calcite",-7.031
240,521,12.0833,92.75,20,"limestone","NULL","10",194,7,822,3911.52,3089.52,"calcite",-5.272
240,522,12.0833,92.75,20,"limestone","NULL","15",32,4,0,854,854,"calcite",-5.87
241,523,-5,120,140,"limestone","NULL","300",755,34,30,39870,39840,"calcite",-7.709
241,524,-5,120,140,"limestone","NULL","300",322,8,26100,42130,16030,"calcite",-6.367
242,525,30.6833,109.9833,1017,"dolomite","NULL","1000",296,16,8558,30433,21875,"calcite",-7.972
242,526,30.6833,109.9833,1017,"dolomite","NULL","1000",126,8,9350,20952,11602,"calcite",-8.031
243,527,18.8445,81.9915,490,"limestone","10","200",1186,10,12683.95,14836.95,2153,"calcite",-2.576
244,528,38.1667,113.7167,1200,"limestone","NULL","NULL",157,5,199.46,2820,2620.54,"calcite",-9.15
244,529,38.1667,113.7167,1200,"limestone","NULL","NULL",341,15,5778.86,14594,8815.14,"calcite",-9.813
244,530,38.1667,113.7167,1200,"limestone","NULL","NULL",352,12,3257.38,11720.35,8462.97,"calcite",-9.883
244,532,38.1667,113.7167,1200,"limestone","NULL","NULL",114,4,1288.57,4483.64,3195.07,"calcite",-8.883
244,533,38.1667,113.7167,1200,"limestone","NULL","NULL",124,8,2440.14,4885,2444.86,"calcite",-9.589
245,534,14.52,77.99,280,"unknown","8","NULL",1134,11,1724.78,3178.27,1453.49,"mixed",-6.305
246,535,10.2,118.9,2,"limestone","NULL","450",335,12,10720,13647,2927,"calcite",-6.708
248,538,28.333,103.1,1407,"limestone","NULL","NULL",505,16,-1.25,2267.37,2268.62,"calcite",-9.116
248,539,28.333,103.1,1407,"limestone","NULL","NULL",282,15,-59.71,1254.38,1314.09,"calcite",-8.997
249,540,28.183,107.167,970,"unknown","NULL","NULL",250,6,4170.97,9864.21,5693.24,"calcite",-9.2
249,541,28.183,107.167,970,"unknown","NULL","NULL",203,6,-50.81,5860.18,5910.99,"calcite",-8.036
251,544,38.25,113.7,975,"mixed","NULL","NULL",470,11,-59.92,781.47,841.39,"calcite",-8.25
252,545,-24.051,43.7569,20,"limestone","10","20",107,8,15421.9,19136.9,3715,"calcite",-2.597
253,546,12.5866,54.3543,335,"limestone","NULL","200",507,9,-45.63,9249.4,9295.03,"calcite",-1.691
253,547,12.5866,54.3543,335,"limestone","NULL","2000",609,13,-53,5627.27,5680.27,"calcite",-2.969
253,548,12.5866,54.3543,335,"limestone","NULL","2000",311,6,-56,4596.02,4652.02,"calcite",-2.263
254,549,-34.2078,22.0876,10,"unknown","50","NULL",55,4,67050,112693.9,45643.9,"unknown",-4.218
254,550,-34.2078,22.0876,10,"unknown","50","NULL",27,4,82660,99450,16790,"unknown",-3.859
254,552,-34.2078,22.0876,10,"unknown","50","NULL",64,6,58440,89160,30720,"unknown",-3.856
254,553,-34.2078,22.0876,10,"unknown","50","NULL",19,4,102810,109820,7010,"unknown",-4.024
254,554,-34.2078,22.0876,10,"unknown","50","NULL",39,6,50950,108309.1,57359.1,"unknown",-3.831
254,555,-34.2078,22.0876,10,"unknown","50","NULL",31,5,74950,98750,23800,"unknown",-3.92
254,556,-34.2078,22.0876,10,"unknown","50","NULL",31,3,82870,87990,5120,"unknown",-3.563
255,557,-24.0477,43.7533,20,"limestone","25","40",1391,24,11912.9,22225.2,10312.3,"calcite",-4.068
256,558,46.828,22.6,545,"limestone","NULL","NULL",43,11,54935,131935,77000,"calcite",-6.931
257,559,40.4498,39.5365,1530,"limestone","30","200",218,3,-55,441.5,496.5,"calcite",-10.919
258,560,49,7,185,"limestone","NULL","NULL",229,10,-47,17550.65,17597.65,"calcite",-5.794
259,561,42.98,-4.37,1600,"limestone","NULL","NULL",253,7,100605.61,116341.8,15736.19,"calcite",-7.729
260,562,39.28,8.48,410,"mixed","200","NULL",740,29,72640.03,238167.78,165527.75,"mixed",-4.587
261,563,43.2962,-4.3937,550,"dolomite","120","1300",329,16,7965.25,14669.72,6704.47,"calcite",-5.003
262,564,50.4244,11.0203,500,"limestone","65","NULL",1451,18,150.1,5615.26,5465.16,"calcite",-6.36
262,565,50.4244,11.0203,500,"limestone","65","NULL",507,23,5248.88,11990.73,6741.85,"calcite",-5.881
263,566,43.5937,25.9597,150,"limestone","NULL","20",763,13,112354.84,129017.93,16663.09,"calcite",-9.229
264,567,44.0049,15.0388,74,"limestone","27","73",181,4,2542.27,4300,1757.73,"calcite",-3.856
264,568,44.0049,15.0388,74,"limestone","27","75",77,3,1376,3808,2432,"calcite",-4.003
265,569,39.7937,2.9683,65,"dolomite","NULL","NULL",449,25,151.78,121015.33,120863.55,"aragonite",-3.385
266,570,37.6322,-0.8215,75,"mixed","30","350",196,21,6987.75,14925.87,7938.12,"calcite",-5.923
267,571,39.3,-9.2667,130,"limestone","13","100",55,6,161416.7,186961.88,25545.18,"calcite",-3.588
268,572,50,5.2,230,"limestone","NULL","NULL",130,10,1738.62,12826.91,11088.29,"calcite",-5.442
269,573,35.8,45.1645,650,"limestone","20","NULL",841,9,-62,2365,2427,"calcite",-4.913
270,574,35.84,52,2535,"limestone","NULL","NULL",259,25,3766.22,4920,1153.78,"calcite",-8.091
271,575,-35.72,148.49,800,"limestone","NULL","NULL",133,7,34977.38,98936.44,63959.06,"calcite",-4.638
272,576,-41.93,171.47,60,"limestone","NULL","NULL",489,3,6.86,12116.97,12110.11,"calcite",-2.513
273,577,36.59,-118.82,1386,"unknown","70","150",1054,10,-57.7,1098.1,1155.8,"calcite",-9.08
274,578,10.17,-85.33,370,"limestone","NULL","NULL",687,41,34902,98246,63344,"calcite",-7.894
274,579,10.17,-85.33,370,"limestone","NULL","NULL",305,12,23952,33931,9979,"calcite",-8.15
274,580,10.17,-85.33,370,"limestone","NULL","NULL",343,17,31448,36926,5478,"calcite",-8.152
274,581,10.17,-85.33,370,"limestone","NULL","NULL",370,4,6502.4,7928.16,1425.76,"calcite",-8.257
72,582,45,22.6,1050,"limestone","40","80",740,12,30728,47177,16449,"calcite",-7.469
275,583,39.5333,-8.7833,420,"limestone","50","34",38,4,73229.77,82606.04,9376.26999999999,"calcite",-3.621
275,584,39.5333,-8.7833,420,"limestone","50","34",279,9,185269.32,222448.03,37178.71,"calcite",-3.851
275,585,39.5333,-8.7833,420,"limestone","50","34",43,5,104320.35,146537,42216.65,"calcite",-3.225
275,586,39.5333,-8.7833,420,"limestone","50","34",81,6,53142.97,109787.54,56644.57,"calcite",-2.383
275,587,39.5333,-8.7833,420,"limestone","50","34",968,39,1319.15,87439.75,86120.6,"calcite",-3.078
215,588,33.9558,-4.2461,1260,"dolomite","NULL","300",659,44,-58.2,9662.22,9720.42,"aragonite",-5.464
215,589,33.9558,-4.2461,1260,"dolomite","NULL","300",1575,42,-50.94,11621.83,11672.77,"aragonite",-5.379
182,590,19,82,32,"unknown","35","140",1275,6,5610.77,8583.8,2973.03,"calcite",-4.511
135,591,33.95,-4.246,1260,"dolomite","NULL","NULL",588,20,2537.16,11415.94,8878.78,"aragonite",-5.094
192,592,-5.93,-77.3,860,"unknown","NULL","NULL",103,19,290,6320,6030,"calcite",-6.821
192,593,-5.93,-77.3,860,"unknown","NULL","NULL",647,60,4280,54360,50080,"calcite",-6.41
27,594,-16,-47,200,"dolomite","50","NULL",193,12,941.02,9981.49,9040.47,"aragonite",-6.529
276,595,48.4833,20.5167,338,"limestone","45","100",263,21,453.69,4348,3894.31,"calcite",-6.803
277,597,-11.27,-75.79,3850,"dolomite","NULL","650",1060,21,1045.98,7156.05,6110.07,"calcite",-12.967
277,598,-11.27,-75.79,3850,"dolomite","NULL","650",290,4,-50,1391,1441,"calcite",-13.238
277,599,-11.27,-75.79,3850,"dolomite","300","1100",765,10,135646.95,169493.89,33846.94,"calcite",-16.11
277,600,-11.27,-75.79,3850,"dolomite","300","1100",427,11,146493.93,177398.4,30904.47,"calcite",-15.982
277,601,-11.27,-75.79,3850,"dolomite","300","1100",515,16,169541.12,196583.81,27042.69,"calcite",-16.599
277,602,-11.27,-75.79,3850,"dolomite","NULL","NULL",1166,37,135646.95,196583.81,60936.86,"calcite",-16.195
24,603,-16.1503,-44.6281,341,"limestone","20","NULL",548,10,12084.46,15653.66,3569.2,"calcite",-6.012
24,605,-16.1503,-44.6281,341,"limestone","20","NULL",304,13,30150.86,40340.4,10189.54,"calcite",-4.643
24,606,-16.1503,-44.6281,341,"limestone","20","NULL",624,11,54103.5,72167.53,18064.03,"calcite",-5.656
24,607,-16.1503,-44.6281,341,"limestone","20","NULL",397,6,76834.31,84064.79,7230.48,"calcite",-4.764
177,609,22.55,-83.84,170,"mixed","60","50",87,3,69205,79934,10729,"calcite",-2.442
177,610,22.55,-83.84,170,"mixed","60","50",31,3,92768,96102,3334,"calcite",-2.777
113,612,-12.6182,-41.0184,598,"limestone","NULL","NULL",820,25,14983,29744.38,14761.38,"calcite",-3.901
278,613,32,-105.2,1900,"unknown","NULL","NULL",682,22,-15,12087,12102,"calcite",-3.935
23,614,-14.37,-44.28,590,"limestone","NULL","500",558,15,40484.81,59830.1,19345.29,"calcite",-6.719
23,615,-14.37,-44.28,590,"limestone","NULL","500",718,10,54548.49,67672.04,13123.55,"calcite",-7.92
23,616,-14.37,-44.28,590,"limestone","NULL","500",638,10,70851.2,83768.35,12917.15,"calcite",-7.099
6,617,32.5,119.17,86,"unknown","NULL","31",399,18,133130,154970,21840,"calcite",-6.674
6,618,32.5,119.17,86,"unknown","NULL","35",307,12,128030,154520,26490,"calcite",-6.328
6,619,32.5,119.17,86,"unknown","NULL","39",344,12,161720,178050,16330,"calcite",-7.889
2,620,42.87,81.75,2000,"unknown","NULL","NULL",168,5,100,1208.2,1108.2,"calcite",-8.482
2,621,42.87,81.75,2000,"unknown","NULL","NULL",325,8,103.18,1174.83,1071.65,"calcite",-8.603
2,622,42.87,81.75,2000,"unknown","NULL","NULL",174,9,1495,10220,8725,"calcite",-9.78
2,623,42.87,81.75,2000,"unknown","NULL","NULL",497,9,-66.78,7122.17,7188.95,"calcite",-9.362
279,624,-34.2071,22.0899,30,"unknown","NULL","NULL",58,8,202329,279050,76721,"unknown",-4.087
279,625,-34.2071,22.0899,30,"unknown","NULL","NULL",53,12,210750,215750,5000,"unknown",-3.615
279,626,-34.2071,22.0899,30,"unknown","NULL","NULL",63,11,171950,283178.6,111228.6,"unknown",-3.981
279,627,-34.2071,22.0899,30,"unknown","NULL","NULL",36,7,194492.9,247705.6,53212.7,"unknown",-3.637
279,628,-34.2071,22.0899,30,"unknown","NULL","NULL",65,10,129825,334600,204775,"unknown",-3.674
279,629,-34.2071,22.0899,30,"unknown","NULL","NULL",57,8,160832.4,335534.2,174701.8,"unknown",-3.689
279,630,-34.2071,22.0899,30,"unknown","NULL","NULL",22,4,173470,205630,32160,"unknown",-3.996
13,633,-17.03,125,100,"limestone","30","300",108,6,23751.74,26991.38,3239.64,"calcite",-4.063
13,634,-17.03,125,100,"limestone","30","300",51,4,36568.1,39971.1,3403,"calcite",-3.895
13,635,-17.03,125,100,"limestone","30","300",58,3,8367.33,11173.23,2805.9,"calcite",-3.338
13,636,-17.03,125,100,"limestone","30","300",45,5,31665.56,37614,5948.44,"calcite",-3.633
155,637,-15.3,128.62,100,"limestone","15","NULL",74,7,10419.94,16534.85,6114.91,"calcite",-8.285
155,638,-15.3,128.62,100,"limestone","15","NULL",109,8,11905.09,20877.08,8971.99,"calcite",-7.81
281,640,10.55,-84.77,380,"limestone","10","150",253,8,4936.2,8806.4,3870.2,"calcite",-5.847
14,641,39.01,-114.22,2080,"limestone","50","NULL",154,11,10170,16400,6230,"unknown",-11.69
14,642,39.01,-114.22,2080,"limestone","50","NULL",130,14,3836,11446,7610,"unknown",-11.529
15,643,47.2501,9.6667,780,"limestone","NULL","180",279,7,84956.1,90299.6,5343.5,"calcite",-10.234
15,644,47.2501,9.6667,780,"limestone","NULL","180",387,16,80901.9,86917.7,6015.8,"calcite",-8.872
283,645,-41.95,171.47,175,"limestone","NULL","NULL",43,4,1045.13,10281.76,9236.63,"calcite",-3.303
283,646,-41.95,171.47,175,"limestone","NULL","NULL",73,7,11268.84,22936.47,11667.63,"calcite",-2.691
283,647,-41.95,171.47,175,"limestone","NULL","NULL",103,13,10977.05,63769.59,52792.54,"calcite",-2.764
284,648,-40.63,172.47,80,"limestone","NULL","NULL",40,4,7208.18,13903.72,6695.54,"calcite",-2.83
285,649,-38.82,177.52,600,"limestone","NULL","NULL",46,5,612.4,7671.9,7059.5,"calcite",-5.659
286,650,43.4306,-3.6658,85,"limestone","91","100",354,24,-26.4,13344.5,13370.9,"calcite",-4.369
286,651,43.4306,-3.6658,85,"limestone","91","100",411,11,10000.6,13864.4,3863.8,"calcite",-4.082
286,652,43.4306,-3.6658,85,"limestone","91","100",414,11,10002.9,13861,3858.1,"calcite",NA
287,653,-40.63,172.48,80,"limestone","NULL","NULL",34,4,17680.59,22232.79,4552.2,"calcite",-2.34
288,654,-40.7,172.48,90,"limestone","NULL","NULL",45,5,15463.94,21123.16,5659.22,"calcite",-2.266
288,655,-40.7,172.48,90,"limestone","NULL","NULL",95,6,13720.56,17069.03,3348.47,"calcite",-2.668
289,656,47.8228,13.8428,1225,"limestone","NULL","250",743,12,77015.2,81898.7,4883.5,"calcite",-8.919
289,657,47.8228,13.8428,1225,"limestone","NULL","250",679,13,76914.4,80323.9,3409.5,"calcite",-9.161
289,658,47.8228,13.8428,1225,"limestone","NULL","250",525,16,105246.5,107970.5,2724,"calcite",-9.117
289,659,47.8228,13.8428,1225,"limestone","NULL","250",626,17,83937.7,91349.3,7411.60000000001,"calcite",-8.617
289,660,47.8228,13.8428,1225,"limestone","NULL","250",237,9,103102.5,104859.5,1757,"calcite",-9.71
289,661,47.8228,13.8428,1225,"limestone","NULL","250",238,6,104644.5,106610.5,1966,"calcite",-9.91
290,662,47.5429,12.0272,1435,"limestone","NULL","50",707,34,102917.5,111314.5,8397,"calcite",-9.68
105,663,47.4333,9.8667,1285,"limestone","NULL","350",331,7,75004.5,78121.2,3116.7,"calcite",-9.298
115,664,47.3781,10.1506,1240,"limestone","NULL","600",159,8,73628.5,74384.4,755.899999999994,"calcite",-9.604
145,665,43.9833,10.2167,840,"mixed","400","NULL",184,12,128484,139964,11480,"calcite",-4.632
145,666,43.9833,10.2167,840,"mixed","400","NULL",1335,51,108096.5,139979.6,31883.1,"calcite",-4.444
145,667,43.9833,10.2167,840,"mixed","400","500",311,9,121307.95,128592,7284.05,"calcite",-4.575
145,668,43.9833,10.2167,840,"mixed","400","NULL",604,15,108000,118425,10425,"calcite",-4.262
145,670,43.9833,10.2167,840,"mixed","NULL","NULL",247,10,2442.15,5992.92,3550.77,"calcite",-4.918
292,671,37.9605,22.1403,820,"limestone","NULL","600",177,7,6687.66,12413.07,5725.41,"calcite",-6.619
293,672,20.75,102.65,352,"limestone","NULL","200",903,6,70.5,2001,1930.5,"calcite",-8.572
82,673,-41.95,171.47,100,"limestone","NULL","NULL",138,5,-43.91,4141.3,4185.21,"calcite",-3.462
165,674,-36.27,175.08,80,"unknown","NULL","NULL",63,7,536.42,12263.75,11727.33,"calcite",-3.508
165,677,-36.27,175.08,80,"unknown","NULL","NULL",485,4,6370.2,53623.37,47253.17,"calcite",-3.258
165,678,-36.27,175.08,80,"unknown","NULL","NULL",145,4,70446.84,76197.3,5750.46000000001,"calcite",-4.168
223,679,33.32,105,1200,"limestone","NULL","800",293,23,11897,310187,298290,"calcite",-11.036
223,680,33.32,105,1200,"limestone","NULL","800",441,12,105337,149803,44466,"calcite",-8.937
128,681,37.98,-80.4,600,"limestone","NULL","1000",797,33,142776,328833,186057,"calcite",-5.766
128,682,37.98,-80.4,600,"limestone","NULL","1000",400,25,46914.76,124035.65,77120.89,"calcite",-5.233
128,683,37.98,-80.4,600,"limestone","NULL","1000",336,10,262476.39,337515.11,75038.72,"calcite",-5.7
294,684,18.35,-66.5,250,"limestone","60","100",342,12,-62.95,6335.05,6398,"calcite",-2.632
65,685,4.15,114.86,250,"limestone","150","NULL",554,16,115738,153790,38052,"calcite",-8.106
65,686,4.15,114.86,250,"limestone","150","NULL",399,11,113874,144361,30487,"calcite",-8.242
141,687,41.4167,31.9333,440,"limestone","NULL","NULL",2024,50,1080,307030,305950,"calcite",-11.917
141,688,41.4167,31.9333,440,"limestone","NULL","NULL",647,19,93320,133200,39880,"calcite",-10.035
141,689,41.4167,31.9333,440,"limestone","NULL","NULL",299,5,475910,670000,194090,"calcite",-11.418
